{
    "allies": [
        {
            "colGray": [
                0.30000001192092896,
                0.30000001192092896,
                0.30000001192092896
            ],
            "colHp": [
                0.20000000298023224,
                0.8999999761581421,
                0.30000001192092896
            ],
            "curHpOnesDigitX": 0.2939999997615814,
            "curHpOnesDigitY": 0.19599999487400055,
            "expCol": {
                "cx": 0.4000000059604645,
                "cy": 0.7919999957084656,
                "h": 0.009999999776482582,
                "w": 0.23999999463558197
            },
            "expColBack": [
                0.30000001192092896,
                0.30000001192092896,
                0.30000001192092896
            ],
            "expColBar": [
                0.9754902124404907,
                0.9754902124404907,
                0.2343088984489441
            ],
            "expGray": {
                "cx": 0.1889999955892563,
                "cy": 0.2409999966621399,
                "h": 0.004999999888241291,
                "w": 0.10199999809265137
            },
            "hpCol": {
                "cx": 0.20200000703334808,
                "cy": 0.22499999403953552,
                "h": 0.00800000037997961,
                "w": 0.11500000208616257
            },
            "hpFrom": "Player",
            "hpGray": {
                "cx": 0.20200000703334808,
                "cy": 0.22499999403953552,
                "h": 0.00800000037997961,
                "w": 0.11500000208616257
            },
            "hpNumScale": 0.19300000369548798,
            "lvNumScale": 0.21799999475479126,
            "lvOnesDigitX": 0.061000000685453415,
            "lvOnesDigitY": 0.2150000035762787,
            "panel": {
                "cx": 0.17000000178813934,
                "cy": 0.210999995470047,
                "h": 0.07599999755620956,
                "w": 0.17000000178813934
            },
            "panelPath": "Assets/Texture/CombatHud/Sigrun_CombatHud.png",
            "showHpNum": true
        },
        {
            "colGray": [
                0.30000001192092896,
                0.30000001192092896,
                0.30000001192092896
            ],
            "colHp": [
                0.20000000298023224,
                0.8999999761581421,
                0.30000001192092896
            ],
            "curHpOnesDigitX": 0.29499998688697815,
            "curHpOnesDigitY": 0.3019999861717224,
            "expCol": {
                "cx": 0.30000001192092896,
                "cy": 0.34200000762939453,
                "h": 0.004999999888241291,
                "w": 0.2199999988079071
            },
            "expColBack": [
                0.30000001192092896,
                0.30000001192092896,
                0.30000001192092896
            ],
            "expColBar": [
                0.9764705896377563,
                0.9764705896377563,
                0.23529411852359772
            ],
            "expGray": {
                "cx": 0.18799999356269836,
                "cy": 0.34200000762939453,
                "h": 0.004999999888241291,
                "w": 0.10300000011920929
            },
            "hpCol": {
                "cx": 0.3100000023841858,
                "cy": 0.33399999141693115,
                "h": 0.007000000216066837,
                "w": 0.2280000001192093
            },
            "hpFrom": "Paladin",
            "hpGray": {
                "cx": 0.20000000298023224,
                "cy": 0.32600000500679016,
                "h": 0.007000000216066837,
                "w": 0.11400000005960464
            },
            "hpNumScale": 0.2070000022649765,
            "lvNumScale": 0.21799999475479126,
            "lvOnesDigitX": 0.061000000685453415,
            "lvOnesDigitY": 0.3199999928474426,
            "panel": {
                "cx": 0.17000000178813934,
                "cy": 0.3160000145435333,
                "h": 0.07599999755620956,
                "w": 0.17000000178813934
            },
            "panelPath": "Assets/Texture/CombatHud/Oscar_CombatHud.png",
            "showHpNum": true
        }
    ],
    "colGray": [
        0.44999998807907104,
        0.44999998807907104,
        0.47999998927116394
    ],
    "colHp": [
        0.949999988079071,
        0.15000000596046448,
        0.11999999731779099
    ],
    "colHpLag": [
        1.0,
        1.0,
        1.0
    ],
    "enemyBar": {
        "cx": 0.5,
        "cy": 0.08500000089406967,
        "h": 0.004999999888241291,
        "w": 0.2460000067949295
    },
    "enemyDecor": {
        "cx": 0.5,
        "cy": 0.08500000089406967,
        "h": 0.1080000028014183,
        "w": 0.25
    },
    "skillCenterX": 0.5,
    "skillGap": 0.0689999982714653,
    "skillH": 0.06199999898672104,
    "skillY": 0.8600000143051147
}