{
  "allies": [
    {
      "colGray": [
        0.3499999940395355,
        0.3499999940395355,
        0.4000000059604645
      ],
      "colHp": [
        0.20588243007659912,
        1.0,
        0.0
      ],
      "curHpOnesDigitX": 0.27900001406669617,
      "curHpOnesDigitY": 0.15199999511241913,
      "expCol": {
        "cx": 0.164000004529953,
        "cy": 0.20000000298023224,
        "h": 0.004999999888241291,
        "w": 0.10599999874830246
      },
      "expColBack": [
        0.3199999928474426,
        0.3199999928474426,
        0.36000001430511475
      ],
      "expColBar": [
        1.0,
        1.0,
        0.0
      ],
      "expGray": {
        "cx": 0.164000004529953,
        "cy": 0.20000000298023224,
        "h": 0.004999999888241291,
        "w": 0.10599999874830246
      },
      "hpCol": {
        "cx": 0.18400000035762787,
        "cy": 0.18299999833106995,
        "h": 0.00800000037997961,
        "w": 0.1080000028014183
      },
      "hpFrom": "Player",
      "hpGray": {
        "cx": 0.18400000035762787,
        "cy": 0.18299999833106995,
        "h": 0.00800000037997961,
        "w": 0.1080000028014183
      },
      "hpNumScale": 0.17499999701976776,
      "lvNumScale": 0.2199999988079071,
      "lvOnesDigitX": 0.054999999701976776,
      "lvOnesDigitY": 0.1720000058412552,
      "panel": {
        "cx": 0.15700000524520874,
        "cy": 0.1679999977350235,
        "h": 0.08500000089406967,
        "w": 0.15800000727176666
      },
      "panelPath": "Assets/Texture/CombatHud/Sigrun_CombatHud.png",
      "placeholderExpRatio": 1.0,
      "placeholderLevel": 50,
      "showHpNum": true
    },
    {
      "colGray": [
        0.3499999940395355,
        0.3499999940395355,
        0.4000000059604645
      ],
      "colHp": [
        0.2078431397676468,
        1.0,
        0.0
      ],
      "curHpOnesDigitX": 0.27900001406669617,
      "curHpOnesDigitY": 0.24300000071525574,
      "expCol": {
        "cx": 0.16500000655651093,
        "cy": 0.28999999165534973,
        "h": 0.004999999888241291,
        "w": 0.10599999874830246
      },
      "expColBack": [
        0.3199999928474426,
        0.3199999928474426,
        0.36000001430511475
      ],
      "expColBar": [
        1.0,
        1.0,
        0.0
      ],
      "expGray": {
        "cx": 0.16500000655651093,
        "cy": 0.28999999165534973,
        "h": 0.004999999888241291,
        "w": 0.10599999874830246
      },
      "hpCol": {
        "cx": 0.1850000023841858,
        "cy": 0.27300000190734863,
        "h": 0.00800000037997961,
        "w": 0.1080000028014183
      },
      "hpFrom": "Paladin",
      "hpGray": {
        "cx": 0.1850000023841858,
        "cy": 0.27300000190734863,
        "h": 0.00800000037997961,
        "w": 0.1080000028014183
      },
      "hpNumScale": 0.17499999701976776,
      "lvNumScale": 0.2199999988079071,
      "lvOnesDigitX": 0.0560000017285347,
      "lvOnesDigitY": 0.25999999046325684,
      "panel": {
        "cx": 0.15700000524520874,
        "cy": 0.25699999928474426,
        "h": 0.08500000089406967,
        "w": 0.15800000727176666
      },
      "panelPath": "Assets/TextureCombatHud/Oscar_CombatHud.png",
      "placeholderExpRatio": 0.550000011920929,
      "placeholderLevel": 50,
      "showHpNum": true
    }
  ],
  "other": {
    "colGray": [
      0.7441368699073792,
      0.7441368699073792,
      0.7745097875595093
    ],
    "colHp": [
      0.8676470518112183,
      0.10515077412128448,
      0.07655711472034454
    ],
    "enemyBar": {
      "cx": 0.5,
      "cy": 0.08500000089406967,
      "h": 0.004999999888241291,
      "w": 0.25999999046325684
    },
    "enemyDecor": {
      "cx": 0.5,
      "cy": 0.08500000089406967,
      "h": 0.10899999737739563,
      "w": 0.2639999985694885
    },
    "skillCenterX": 0.5,
    "skillY": 0.86,
    "skillH": 0.075,
    "skillGap": 0.065
  },
  "version": 1
}